{
  "project_info": {
    "project_number": "479384828297",
    "firebase_url": "https://android-d6104-default-rtdb.firebaseio.com",
    "project_id": "android-d6104",
    "storage_bucket": "android-d6104.appspot.com"
  },
  "client": [
    {
      "client_info": {
        "mobilesdk_app_id": "1:479384828297:android:9592a187668c31a6570958",
        "android_client_info": {
          "package_name": "com.example.android_project"
        }
      },
      "oauth_client": [
        {
          "client_id": "479384828297-9cf6vrncluk3f6vkosn0jlnaso2vptgs.apps.googleusercontent.com",
          "client_type": 3
        }
      ],
      "api_key": [
        {
          "current_key": "AIzaSyB0aWix5vrtg3CEkG0MwOKzF94Ien5wq5M"
        }
      ],
      "services": {
        "appinvite_service": {
          "other_platform_oauth_client": [
            {
              "client_id": "479384828297-9cf6vrncluk3f6vkosn0jlnaso2vptgs.apps.googleusercontent.com",
              "client_type": 3
            }
          ]
        }
      }
    }
  ],
  "configuration_version": "1"
}