{
  "project_info": {
    "project_number": "325987558459",
    "project_id": "sns-fbs2",
    "storage_bucket": "sns-fbs2.appspot.com"
  },
  "client": [
    {
      "client_info": {
        "mobilesdk_app_id": "1:325987558459:android:1155e44716c7d7f549681e",
        "android_client_info": {
          "package_name": "com.example.sns"
        }
      },
      "oauth_client": [
        {
          "client_id": "325987558459-aqao03v0bjfps2gag81jph9hmgldr4qb.apps.googleusercontent.com",
          "client_type": 1,
          "android_info": {
            "package_name": "com.example.sns",
            "certificate_hash": "028d19364d549b9ef594f86e1d00b07b17bf58ea"
          }
        },
        {
          "client_id": "325987558459-en9dsnd269v40ld8rh8ea6qhpvie4frh.apps.googleusercontent.com",
          "client_type": 1,
          "android_info": {
            "package_name": "com.example.sns",
            "certificate_hash": "7f6d4e4fd2d681efdd52dfd6ef48d6c1b1b0e754"
          }
        },
        {
          "client_id": "325987558459-uo3s1be0juakilo26ih74dirrkfus5nh.apps.googleusercontent.com",
          "client_type": 1,
          "android_info": {
            "package_name": "com.example.sns",
            "certificate_hash": "b6187c72365e3dbc3fbfbd4102459f2316d5049b"
          }
        },
        {
          "client_id": "325987558459-ar3fv1ujlavs6beqac28r26pljhqr4ed.apps.googleusercontent.com",
          "client_type": 3
        }
      ],
      "api_key": [
        {
          "current_key": "AIzaSyBlsGtWCtP7sY295x1QO66A3T7nbkds_Qw"
        }
      ],
      "services": {
        "appinvite_service": {
          "other_platform_oauth_client": [
            {
              "client_id": "325987558459-ar3fv1ujlavs6beqac28r26pljhqr4ed.apps.googleusercontent.com",
              "client_type": 3
            }
          ]
        }
      }
    }
  ],
  "configuration_version": "1"
}