{
  "project_info": {
    "project_number": "123075698284",
    "project_id": "test-ea276",
    "storage_bucket": "test-ea276.appspot.com"
  },
  "client": [
    {
      "client_info": {
        "mobilesdk_app_id": "1:123075698284:android:25a91a6ed0d5f927a50249",
        "android_client_info": {
          "package_name": "com.cookandroid.big9team3movieapp"
        }
      },
      "oauth_client": [
        {
          "client_id": "123075698284-elb7u3p2b750iikkaq4c89jmq46sfpd8.apps.googleusercontent.com",
          "client_type": 3
        }
      ],
      "api_key": [
        {
          "current_key": "AIzaSyDbkcQDgJVJqF_GrKOH0rPZi8T1mjxgxXA"
        }
      ],
      "services": {
        "appinvite_service": {
          "other_platform_oauth_client": [
            {
              "client_id": "123075698284-elb7u3p2b750iikkaq4c89jmq46sfpd8.apps.googleusercontent.com",
              "client_type": 3
            }
          ]
        }
      }
    }
  ],
  "configuration_version": "1"
}